-- --------------------------------------------------------
-- 호스트:                          127.0.0.1
-- 서버 버전:                        10.6.8-MariaDB - mariadb.org binary distribution
-- 서버 OS:                        Win64
-- HeidiSQL 버전:                  11.3.0.6295
-- --------------------------------------------------------

/*!40101 SET @OLD_CHARACTER_SET_CLIENT=@@CHARACTER_SET_CLIENT */;
/*!40101 SET NAMES utf8 */;
/*!50503 SET NAMES utf8mb4 */;
/*!40014 SET @OLD_FOREIGN_KEY_CHECKS=@@FOREIGN_KEY_CHECKS, FOREIGN_KEY_CHECKS=0 */;
/*!40101 SET @OLD_SQL_MODE=@@SQL_MODE, SQL_MODE='NO_AUTO_VALUE_ON_ZERO' */;
/*!40111 SET @OLD_SQL_NOTES=@@SQL_NOTES, SQL_NOTES=0 */;


-- board_final 데이터베이스 구조 내보내기
CREATE DATABASE IF NOT EXISTS `board_final` /*!40100 DEFAULT CHARACTER SET utf8mb3 */;
USE `board_final`;

-- 테이블 board_final.boards 구조 내보내기
CREATE TABLE IF NOT EXISTS `boards` (
  `board_seq` int(11) NOT NULL AUTO_INCREMENT,
  `date_created` datetime NOT NULL,
  `date_updated` datetime DEFAULT NULL,
  `title` varchar(100) NOT NULL,
  `content` varchar(2000) NOT NULL,
  `visit_count` int(11) NOT NULL DEFAULT 0,
  `comment_count` int(11) NOT NULL DEFAULT 0,
  `file_exist` tinyint(1) NOT NULL DEFAULT 0,
  `board_type` varchar(15) NOT NULL,
  `user_seq` int(11) NOT NULL,
  `category_seq` int(11) NOT NULL,
  PRIMARY KEY (`board_seq`),
  KEY `FK_boards_users` (`user_seq`),
  KEY `FK_board_category_seq` (`category_seq`),
  CONSTRAINT `FK_board_category_seq` FOREIGN KEY (`category_seq`) REFERENCES `categories` (`category_seq`) ON DELETE NO ACTION ON UPDATE NO ACTION,
  CONSTRAINT `FK_boards_users` FOREIGN KEY (`user_seq`) REFERENCES `users` (`user_seq`) ON DELETE CASCADE
) ENGINE=InnoDB AUTO_INCREMENT=532 DEFAULT CHARSET=utf8mb3;

-- 테이블 데이터 board_final.boards:~500 rows (대략적) 내보내기
/*!40000 ALTER TABLE `boards` DISABLE KEYS */;
INSERT INTO `boards` (`board_seq`, `date_created`, `date_updated`, `title`, `content`, `visit_count`, `comment_count`, `file_exist`, `board_type`, `user_seq`, `category_seq`) VALUES
	(1, '2022-08-04 15:56:37', NULL, 'test1', 'test1', 3, 0, 0, 'FREE', 2, 3),
	(3, '2022-08-04 15:58:11', NULL, 'test3', 'test3', 11, 1, 0, 'FREE', 5, 4),
	(7, '2022-08-10 00:32:11', NULL, 'notify1', 'notify1', 8, 0, 0, 'NOTIFY', 5, 1),
	(8, '2022-08-10 00:40:38', NULL, 'notify2', 'notify2', 10, 0, 0, 'NOTIFY', 5, 1),
	(9, '2022-08-10 01:08:09', NULL, 'news1', 'news1', 3, 0, 0, 'NEWS', 5, 1),
	(10, '2022-08-10 01:09:21', NULL, 'news2', 'news2', 5, 0, 0, 'NEWS', 5, 1),
	(11, '2022-08-10 01:10:17', NULL, 'memeber1', 'member1', 8, 0, 0, 'MEMBER', 7, 5),
	(12, '2022-08-10 01:10:53', NULL, 'member2', 'member2', 7, 0, 0, 'MEMBER', 8, 3),
	(13, '2022-08-10 17:10:45', NULL, 'notify3', 'notify3', 1, 0, 0, 'NOTIFY', 5, 1),
	(14, '2022-08-10 17:10:45', NULL, 'notify4', 'notify4', 0, 0, 0, 'NOTIFY', 5, 1),
	(15, '2022-08-10 17:10:45', NULL, 'notify5', 'notify5', 0, 0, 0, 'NOTIFY', 5, 1),
	(16, '2022-08-10 17:10:45', NULL, 'notify6', 'notify6', 0, 0, 0, 'NOTIFY', 5, 1),
	(17, '2022-08-10 17:10:45', NULL, 'notify7', 'notify7', 0, 0, 0, 'NOTIFY', 5, 1),
	(18, '2022-08-10 17:10:45', NULL, 'notify8', 'notify8', 0, 0, 0, 'NOTIFY', 5, 1),
	(19, '2022-08-10 17:10:45', NULL, 'notify9', 'notify9', 0, 0, 0, 'NOTIFY', 5, 1),
	(20, '2022-08-10 17:10:45', NULL, 'notify10', 'notify10', 0, 0, 0, 'NOTIFY', 5, 1),
	(21, '2022-08-10 17:10:45', NULL, 'notify11', 'notify11', 0, 0, 0, 'NOTIFY', 5, 1),
	(22, '2022-08-10 17:10:45', NULL, 'notify12', 'notify12', 0, 0, 0, 'NOTIFY', 5, 1),
	(23, '2022-08-10 17:10:45', NULL, 'notify13', 'notify13', 0, 0, 0, 'NOTIFY', 5, 1),
	(24, '2022-08-10 17:10:45', NULL, 'notify14', 'notify14', 0, 0, 0, 'NOTIFY', 5, 1),
	(25, '2022-08-10 17:10:45', NULL, 'notify15', 'notify15', 0, 0, 0, 'NOTIFY', 5, 1),
	(26, '2022-08-10 17:10:45', NULL, 'notify16', 'notify16', 0, 0, 0, 'NOTIFY', 5, 1),
	(27, '2022-08-10 17:10:45', NULL, 'notify17', 'notify17', 0, 0, 0, 'NOTIFY', 5, 1),
	(28, '2022-08-10 17:10:45', NULL, 'notify18', 'notify18', 0, 0, 0, 'NOTIFY', 5, 1),
	(29, '2022-08-10 17:10:45', NULL, 'notify19', 'notify19', 0, 0, 0, 'NOTIFY', 5, 1),
	(30, '2022-08-10 17:10:45', NULL, 'notify20', 'notify20', 0, 0, 0, 'NOTIFY', 5, 1),
	(31, '2022-08-10 17:10:45', NULL, 'notify21', 'notify21', 0, 0, 0, 'NOTIFY', 5, 1),
	(32, '2022-08-10 17:10:45', NULL, 'notify22', 'notify22', 0, 0, 0, 'NOTIFY', 5, 1),
	(33, '2022-08-10 17:10:45', NULL, 'notify23', 'notify23', 1, 0, 0, 'NOTIFY', 5, 1),
	(34, '2022-08-10 17:10:45', NULL, 'notify24', 'notify24', 5, 0, 0, 'NOTIFY', 5, 1),
	(35, '2022-08-10 17:10:45', NULL, 'notify25', 'notify25', 3, 0, 0, 'NOTIFY', 5, 1),
	(36, '2022-08-10 17:10:45', '2022-08-11 19:04:50', 'notify26', 'notify26', 8, 0, 0, 'NOTIFY', 5, 1),
	(37, '2022-08-10 17:10:45', NULL, 'notify27', 'notify27', 0, 0, 0, 'NOTIFY', 5, 1),
	(38, '2022-08-10 17:10:45', NULL, 'notify28', 'notify28', 0, 0, 0, 'NOTIFY', 5, 1),
	(39, '2022-08-10 17:10:45', NULL, 'notify29', 'notify29', 0, 0, 0, 'NOTIFY', 5, 1),
	(40, '2022-08-10 17:10:45', NULL, 'notify30', 'notify30', 0, 0, 0, 'NOTIFY', 5, 1),
	(41, '2022-08-10 17:10:45', NULL, 'notify31', 'notify31', 1, 0, 0, 'NOTIFY', 5, 1),
	(42, '2022-08-10 17:10:45', NULL, 'notify32', 'notify32', 2, 0, 0, 'NOTIFY', 5, 1),
	(43, '2022-08-10 17:10:45', NULL, 'notify33', 'notify33', 1, 0, 0, 'NOTIFY', 5, 1),
	(44, '2022-08-10 17:10:45', NULL, 'notify34', 'notify34', 2, 0, 0, 'NOTIFY', 5, 1),
	(45, '2022-08-10 17:10:45', NULL, 'notify35', 'notify35', 22, 1, 0, 'NOTIFY', 5, 1),
	(46, '2022-08-10 17:10:45', NULL, 'notify36', 'notify36', 0, 0, 0, 'NOTIFY', 5, 1),
	(47, '2022-08-10 17:10:45', NULL, 'notify37', 'notify37', 2, 0, 0, 'NOTIFY', 5, 1),
	(48, '2022-08-10 17:10:45', NULL, 'notify38', 'notify38', 2, 0, 0, 'NOTIFY', 5, 1),
	(49, '2022-08-10 17:10:45', NULL, 'notify39', 'notify39', 0, 0, 0, 'NOTIFY', 5, 1),
	(50, '2022-08-10 17:10:45', NULL, 'notify40', 'notify40', 0, 0, 0, 'NOTIFY', 5, 1),
	(51, '2022-08-10 17:10:45', NULL, 'notify41', 'notify41', 0, 0, 0, 'NOTIFY', 5, 1),
	(52, '2022-08-10 17:10:45', NULL, 'notify42', 'notify42', 0, 0, 0, 'NOTIFY', 5, 1),
	(53, '2022-08-10 17:10:45', NULL, 'notify43', 'notify43', 0, 0, 0, 'NOTIFY', 5, 1),
	(54, '2022-08-10 17:10:45', NULL, 'notify44', 'notify44', 0, 0, 0, 'NOTIFY', 5, 1),
	(55, '2022-08-10 17:10:45', NULL, 'notify45', 'notify45', 0, 0, 0, 'NOTIFY', 5, 1),
	(56, '2022-08-10 17:10:45', NULL, 'notify46', 'notify46', 0, 0, 0, 'NOTIFY', 5, 1),
	(57, '2022-08-10 17:10:45', NULL, 'notify47', 'notify47', 0, 0, 0, 'NOTIFY', 5, 1),
	(58, '2022-08-10 17:10:45', NULL, 'notify48', 'notify48', 2, 0, 0, 'NOTIFY', 5, 1),
	(59, '2022-08-10 17:10:45', NULL, 'notify49', 'notify49', 0, 0, 0, 'NOTIFY', 5, 1),
	(60, '2022-08-10 17:10:45', NULL, 'notify50', 'notify50', 0, 0, 0, 'NOTIFY', 5, 1),
	(61, '2022-08-10 17:10:45', NULL, 'notify51', 'notify51', 0, 0, 0, 'NOTIFY', 5, 1),
	(62, '2022-08-10 17:10:45', NULL, 'notify52', 'notify52', 0, 0, 0, 'NOTIFY', 5, 1),
	(63, '2022-08-10 17:10:45', NULL, 'notify53', 'notify53', 0, 0, 0, 'NOTIFY', 5, 1),
	(64, '2022-08-10 17:10:45', NULL, 'notify54', 'notify54', 0, 0, 0, 'NOTIFY', 5, 1),
	(65, '2022-08-10 17:10:45', NULL, 'notify55', 'notify55', 0, 0, 0, 'NOTIFY', 5, 1),
	(66, '2022-08-10 17:10:45', NULL, 'notify56', 'notify56', 1, 0, 0, 'NOTIFY', 5, 1),
	(67, '2022-08-10 17:10:45', NULL, 'notify57', 'notify57', 0, 0, 0, 'NOTIFY', 5, 1),
	(68, '2022-08-10 17:10:45', NULL, 'notify58', 'notify58', 3, 1, 0, 'NOTIFY', 5, 1),
	(69, '2022-08-10 17:10:45', NULL, 'notify59', 'notify59', 0, 0, 0, 'NOTIFY', 5, 1),
	(70, '2022-08-10 17:10:45', NULL, 'notify60', 'notify60', 0, 0, 0, 'NOTIFY', 5, 1),
	(71, '2022-08-10 17:10:45', NULL, 'notify61', 'notify61', 0, 0, 0, 'NOTIFY', 5, 1),
	(72, '2022-08-10 17:10:45', NULL, 'notify62', 'notify62', 0, 0, 0, 'NOTIFY', 5, 1),
	(73, '2022-08-10 17:10:45', NULL, 'notify63', 'notify63', 0, 0, 0, 'NOTIFY', 5, 1),
	(74, '2022-08-10 17:10:45', NULL, 'notify64', 'notify64', 0, 0, 0, 'NOTIFY', 5, 1),
	(75, '2022-08-10 17:10:45', NULL, 'notify65', 'notify65', 0, 0, 0, 'NOTIFY', 5, 1),
	(76, '2022-08-10 17:10:45', NULL, 'notify66', 'notify66', 0, 0, 0, 'NOTIFY', 5, 1),
	(77, '2022-08-10 17:10:45', NULL, 'notify67', 'notify67', 0, 0, 0, 'NOTIFY', 5, 1),
	(78, '2022-08-10 17:10:45', NULL, 'notify68', 'notify68', 0, 0, 0, 'NOTIFY', 5, 1),
	(79, '2022-08-10 17:10:45', NULL, 'notify69', 'notify69', 0, 0, 0, 'NOTIFY', 5, 1),
	(80, '2022-08-10 17:10:45', NULL, 'notify70', 'notify70', 0, 0, 0, 'NOTIFY', 5, 1),
	(81, '2022-08-10 17:10:45', NULL, 'notify71', 'notify71', 0, 0, 0, 'NOTIFY', 5, 1),
	(82, '2022-08-10 17:10:45', NULL, 'notify72', 'notify72', 0, 0, 0, 'NOTIFY', 5, 1),
	(83, '2022-08-10 17:10:45', NULL, 'notify73', 'notify73', 0, 0, 0, 'NOTIFY', 5, 1),
	(84, '2022-08-10 17:10:45', NULL, 'notify74', 'notify74', 1, 0, 0, 'NOTIFY', 5, 1),
	(85, '2022-08-10 17:10:45', NULL, 'notify75', 'notify75', 2, 0, 0, 'NOTIFY', 5, 1),
	(86, '2022-08-10 17:10:45', NULL, 'notify76', 'notify76', 0, 0, 0, 'NOTIFY', 5, 1),
	(87, '2022-08-10 17:10:45', NULL, 'notify77', 'notify77', 0, 0, 0, 'NOTIFY', 5, 1),
	(88, '2022-08-10 17:10:45', NULL, 'notify78', 'notify78', 0, 0, 0, 'NOTIFY', 5, 1),
	(89, '2022-08-10 17:10:45', NULL, 'notify79', 'notify79', 0, 0, 0, 'NOTIFY', 5, 1),
	(90, '2022-08-10 17:10:45', NULL, 'notify80', 'notify80', 0, 0, 0, 'NOTIFY', 5, 1),
	(91, '2022-08-10 17:10:45', NULL, 'notify81', 'notify81', 1, 0, 0, 'NOTIFY', 5, 1),
	(92, '2022-08-10 17:10:45', NULL, 'notify82', 'notify82', 0, 0, 0, 'NOTIFY', 5, 1),
	(93, '2022-08-10 17:10:45', NULL, 'notify83', 'notify83', 0, 0, 0, 'NOTIFY', 5, 1),
	(94, '2022-08-10 17:10:45', NULL, 'notify84', 'notify84', 0, 0, 0, 'NOTIFY', 5, 1),
	(95, '2022-08-10 17:10:45', NULL, 'notify85', 'notify85', 0, 0, 0, 'NOTIFY', 5, 1),
	(96, '2022-08-10 17:10:45', NULL, 'notify86', 'notify86', 0, 0, 0, 'NOTIFY', 5, 1),
	(97, '2022-08-10 17:10:45', NULL, 'notify87', 'notify87', 0, 0, 0, 'NOTIFY', 5, 1),
	(98, '2022-08-10 17:10:45', NULL, 'notify88', 'notify88', 1, 0, 0, 'NOTIFY', 5, 1),
	(99, '2022-08-10 17:10:45', NULL, 'notify89', 'notify89', 0, 0, 0, 'NOTIFY', 5, 1),
	(100, '2022-08-10 17:10:45', NULL, 'notify90', 'notify90', 0, 0, 0, 'NOTIFY', 5, 1),
	(101, '2022-08-10 17:10:45', NULL, 'notify91', 'notify91', 0, 0, 0, 'NOTIFY', 5, 1),
	(102, '2022-08-10 17:10:45', NULL, 'notify92', 'notify92', 5, 0, 0, 'NOTIFY', 5, 1),
	(103, '2022-08-10 17:10:45', NULL, 'notify93', 'notify93', 0, 0, 0, 'NOTIFY', 5, 1),
	(104, '2022-08-10 17:10:45', NULL, 'notify94', 'notify94', 0, 0, 0, 'NOTIFY', 5, 1),
	(105, '2022-08-10 17:10:45', NULL, 'notify95', 'notify95', 2, 0, 0, 'NOTIFY', 5, 1),
	(106, '2022-08-10 17:10:45', NULL, 'notify96', 'notify96', 0, 0, 0, 'NOTIFY', 5, 1),
	(107, '2022-08-10 17:10:45', NULL, 'notify97', 'notify97', 0, 0, 0, 'NOTIFY', 5, 1),
	(108, '2022-08-10 17:10:45', NULL, 'notify98', 'notify98', 0, 0, 0, 'NOTIFY', 5, 1),
	(109, '2022-08-10 17:10:45', NULL, 'notify99', 'notify99', 0, 0, 0, 'NOTIFY', 5, 1),
	(110, '2022-08-10 17:10:45', NULL, 'notify100', 'notify100', 0, 0, 0, 'NOTIFY', 5, 1),
	(111, '2022-08-10 17:10:45', NULL, 'notify101', 'notify101', 0, 0, 0, 'NOTIFY', 5, 1),
	(112, '2022-08-10 17:10:45', NULL, 'notify102', 'notify102', 6, 0, 0, 'NOTIFY', 5, 1),
	(113, '2022-08-10 17:10:45', NULL, 'notify103', 'notify103', 5, 0, 0, 'NOTIFY', 5, 1),
	(114, '2022-08-10 17:10:45', NULL, 'notify104', 'notify104', 0, 0, 0, 'NOTIFY', 5, 1),
	(115, '2022-08-10 17:10:45', NULL, 'notify105', 'notify105', 1, 0, 0, 'NOTIFY', 5, 1),
	(116, '2022-08-10 17:10:45', NULL, 'notify106', 'notify106', 1, 0, 0, 'NOTIFY', 5, 1),
	(117, '2022-08-10 17:10:45', NULL, 'notify107', 'notify107', 0, 0, 0, 'NOTIFY', 5, 1),
	(118, '2022-08-10 17:10:45', NULL, 'notify108', 'notify108', 0, 0, 0, 'NOTIFY', 5, 1),
	(119, '2022-08-10 17:10:45', NULL, 'notify109', 'notify109', 0, 0, 0, 'NOTIFY', 5, 1),
	(120, '2022-08-10 17:10:45', NULL, 'notify110', 'notify110', 0, 0, 0, 'NOTIFY', 5, 1),
	(121, '2022-08-10 17:10:45', NULL, 'notify111', 'notify111', 1, 0, 0, 'NOTIFY', 5, 1),
	(122, '2022-08-10 17:10:45', NULL, 'notify112', 'notify112', 2, 0, 0, 'NOTIFY', 5, 1),
	(123, '2022-08-10 17:10:45', NULL, 'notify113', 'notify113', 6, 0, 0, 'NOTIFY', 5, 1),
	(124, '2022-08-10 17:10:45', NULL, 'notify114', 'notify114', 3, 0, 0, 'NOTIFY', 5, 1),
	(125, '2022-08-10 17:10:45', NULL, 'notify115', 'notify115', 4, 0, 0, 'NOTIFY', 5, 1),
	(126, '2022-08-10 17:10:45', NULL, 'notify116', 'notify116', 5, 0, 0, 'NOTIFY', 5, 1),
	(127, '2022-08-10 17:10:45', NULL, 'notify117', 'notify117', 8, 0, 0, 'NOTIFY', 5, 1),
	(128, '2022-08-10 17:10:45', NULL, 'notify118', 'notify118', 12, 0, 0, 'NOTIFY', 5, 1),
	(129, '2022-08-10 17:10:45', NULL, 'notify119', 'notify119', 10, 1, 0, 'NOTIFY', 5, 1),
	(130, '2022-08-10 17:10:45', NULL, 'notify120', 'notify120', 26, 2, 0, 'NOTIFY', 5, 1),
	(134, '2022-08-10 22:37:37', '2022-08-21 17:48:54', '공지다 1234567', '공지다 1234567', 225, 5, 1, 'NOTIFY', 5, 1),
	(135, '2022-08-10 22:40:14', NULL, '공지다', '공지다', 67, 1, 0, 'NOTIFY', 5, 1),
	(137, '2022-08-10 23:30:34', NULL, 'news3', 'news3', 0, 0, 0, 'NEWS', 5, 1),
	(138, '2022-08-10 23:30:34', NULL, 'news4', 'news4', 0, 0, 0, 'NEWS', 5, 1),
	(139, '2022-08-10 23:30:34', NULL, 'news5', 'news5', 0, 0, 0, 'NEWS', 5, 1),
	(140, '2022-08-10 23:30:34', NULL, 'news6', 'news6', 0, 0, 0, 'NEWS', 5, 1),
	(141, '2022-08-10 23:30:34', NULL, 'news7', 'news7', 0, 0, 0, 'NEWS', 5, 1),
	(142, '2022-08-10 23:30:34', NULL, 'news8', 'news8', 0, 0, 0, 'NEWS', 5, 1),
	(143, '2022-08-10 23:30:34', NULL, 'news9', 'news9', 0, 0, 0, 'NEWS', 5, 1),
	(144, '2022-08-10 23:30:34', NULL, 'news10', 'news10', 0, 0, 0, 'NEWS', 5, 1),
	(145, '2022-08-10 23:30:34', NULL, 'news11', 'news11', 0, 0, 0, 'NEWS', 5, 1),
	(146, '2022-08-10 23:30:34', NULL, 'news12', 'news12', 0, 0, 0, 'NEWS', 5, 1),
	(147, '2022-08-10 23:30:34', NULL, 'news13', 'news13', 0, 0, 0, 'NEWS', 5, 1),
	(148, '2022-08-10 23:30:34', NULL, 'news14', 'news14', 0, 0, 0, 'NEWS', 5, 1),
	(149, '2022-08-10 23:30:34', NULL, 'news15', 'news15', 0, 0, 0, 'NEWS', 5, 1),
	(150, '2022-08-10 23:30:34', NULL, 'news16', 'news16', 0, 0, 0, 'NEWS', 5, 1),
	(151, '2022-08-10 23:30:34', NULL, 'news17', 'news17', 0, 0, 0, 'NEWS', 5, 1),
	(152, '2022-08-10 23:30:34', NULL, 'news18', 'news18', 0, 0, 0, 'NEWS', 5, 1),
	(153, '2022-08-10 23:30:34', NULL, 'news19', 'news19', 0, 0, 0, 'NEWS', 5, 1),
	(154, '2022-08-10 23:30:34', NULL, 'news20', 'news20', 0, 0, 0, 'NEWS', 5, 1),
	(155, '2022-08-10 23:30:34', NULL, 'news21', 'news21', 0, 0, 0, 'NEWS', 5, 1),
	(156, '2022-08-10 23:30:34', NULL, 'news22', 'news22', 0, 0, 0, 'NEWS', 5, 1),
	(157, '2022-08-10 23:30:34', NULL, 'news23', 'news23', 0, 0, 0, 'NEWS', 5, 1),
	(158, '2022-08-10 23:30:34', NULL, 'news24', 'news24', 0, 0, 0, 'NEWS', 5, 1),
	(159, '2022-08-10 23:30:34', NULL, 'news25', 'news25', 0, 0, 0, 'NEWS', 5, 1),
	(160, '2022-08-10 23:30:34', NULL, 'news26', 'news26', 0, 0, 0, 'NEWS', 5, 1),
	(161, '2022-08-10 23:30:34', NULL, 'news27', 'news27', 0, 0, 0, 'NEWS', 5, 1),
	(162, '2022-08-10 23:30:34', NULL, 'news28', 'news28', 0, 0, 0, 'NEWS', 5, 1),
	(163, '2022-08-10 23:30:34', NULL, 'news29', 'news29', 0, 0, 0, 'NEWS', 5, 1),
	(164, '2022-08-10 23:30:34', NULL, 'news30', 'news30', 0, 0, 0, 'NEWS', 5, 1),
	(165, '2022-08-10 23:30:34', NULL, 'news31', 'news31', 0, 0, 0, 'NEWS', 5, 1),
	(166, '2022-08-10 23:30:34', NULL, 'news32', 'news32', 0, 0, 0, 'NEWS', 5, 1),
	(167, '2022-08-10 23:30:34', NULL, 'news33', 'news33', 0, 0, 0, 'NEWS', 5, 1),
	(168, '2022-08-10 23:30:34', NULL, 'news34', 'news34', 0, 0, 0, 'NEWS', 5, 1),
	(169, '2022-08-10 23:30:34', NULL, 'news35', 'news35', 0, 0, 0, 'NEWS', 5, 1),
	(170, '2022-08-10 23:30:34', NULL, 'news36', 'news36', 0, 0, 0, 'NEWS', 5, 1),
	(171, '2022-08-10 23:30:34', NULL, 'news37', 'news37', 0, 0, 0, 'NEWS', 5, 1),
	(172, '2022-08-10 23:30:34', NULL, 'news38', 'news38', 0, 0, 0, 'NEWS', 5, 1),
	(173, '2022-08-10 23:30:34', NULL, 'news39', 'news39', 0, 0, 0, 'NEWS', 5, 1),
	(174, '2022-08-10 23:30:34', NULL, 'news40', 'news40', 0, 0, 0, 'NEWS', 5, 1),
	(175, '2022-08-10 23:30:34', NULL, 'news41', 'news41', 0, 0, 0, 'NEWS', 5, 1),
	(176, '2022-08-10 23:30:34', NULL, 'news42', 'news42', 0, 0, 0, 'NEWS', 5, 1),
	(177, '2022-08-10 23:30:34', NULL, 'news43', 'news43', 0, 0, 0, 'NEWS', 5, 1),
	(178, '2022-08-10 23:30:34', NULL, 'news44', 'news44', 0, 0, 0, 'NEWS', 5, 1),
	(179, '2022-08-10 23:30:34', NULL, 'news45', 'news45', 0, 0, 0, 'NEWS', 5, 1),
	(180, '2022-08-10 23:30:34', NULL, 'news46', 'news46', 0, 0, 0, 'NEWS', 5, 1),
	(181, '2022-08-10 23:30:34', NULL, 'news47', 'news47', 0, 0, 0, 'NEWS', 5, 1),
	(182, '2022-08-10 23:30:34', NULL, 'news48', 'news48', 0, 0, 0, 'NEWS', 5, 1),
	(183, '2022-08-10 23:30:34', NULL, 'news49', 'news49', 0, 0, 0, 'NEWS', 5, 1),
	(184, '2022-08-10 23:30:34', NULL, 'news50', 'news50', 0, 0, 0, 'NEWS', 5, 1),
	(185, '2022-08-10 23:30:34', NULL, 'news51', 'news51', 0, 0, 0, 'NEWS', 5, 1),
	(186, '2022-08-10 23:30:34', NULL, 'news52', 'news52', 0, 0, 0, 'NEWS', 5, 1),
	(187, '2022-08-10 23:30:34', NULL, 'news53', 'news53', 0, 0, 0, 'NEWS', 5, 1),
	(188, '2022-08-10 23:30:34', NULL, 'news54', 'news54', 0, 0, 0, 'NEWS', 5, 1),
	(189, '2022-08-10 23:30:34', NULL, 'news55', 'news55', 0, 0, 0, 'NEWS', 5, 1),
	(190, '2022-08-10 23:30:34', NULL, 'news56', 'news56', 0, 0, 0, 'NEWS', 5, 1),
	(191, '2022-08-10 23:30:34', NULL, 'news57', 'news57', 0, 0, 0, 'NEWS', 5, 1),
	(192, '2022-08-10 23:30:34', NULL, 'news58', 'news58', 0, 0, 0, 'NEWS', 5, 1),
	(193, '2022-08-10 23:30:34', NULL, 'news59', 'news59', 0, 0, 0, 'NEWS', 5, 1),
	(194, '2022-08-10 23:30:34', NULL, 'news60', 'news60', 0, 0, 0, 'NEWS', 5, 1),
	(195, '2022-08-10 23:30:34', NULL, 'news61', 'news61', 0, 0, 0, 'NEWS', 5, 1),
	(196, '2022-08-10 23:30:34', NULL, 'news62', 'news62', 0, 0, 0, 'NEWS', 5, 1),
	(197, '2022-08-10 23:30:34', NULL, 'news63', 'news63', 0, 0, 0, 'NEWS', 5, 1),
	(198, '2022-08-10 23:30:34', NULL, 'news64', 'news64', 0, 0, 0, 'NEWS', 5, 1),
	(199, '2022-08-10 23:30:34', NULL, 'news65', 'news65', 0, 0, 0, 'NEWS', 5, 1),
	(200, '2022-08-10 23:30:34', NULL, 'news66', 'news66', 0, 0, 0, 'NEWS', 5, 1),
	(201, '2022-08-10 23:30:34', NULL, 'news67', 'news67', 0, 0, 0, 'NEWS', 5, 1),
	(202, '2022-08-10 23:30:34', NULL, 'news68', 'news68', 0, 0, 0, 'NEWS', 5, 1),
	(203, '2022-08-10 23:30:34', NULL, 'news69', 'news69', 0, 0, 0, 'NEWS', 5, 1),
	(204, '2022-08-10 23:30:34', NULL, 'news70', 'news70', 0, 0, 0, 'NEWS', 5, 1),
	(205, '2022-08-10 23:30:34', NULL, 'news71', 'news71', 0, 0, 0, 'NEWS', 5, 1),
	(206, '2022-08-10 23:30:34', NULL, 'news72', 'news72', 0, 0, 0, 'NEWS', 5, 1),
	(207, '2022-08-10 23:30:34', NULL, 'news73', 'news73', 0, 0, 0, 'NEWS', 5, 1),
	(208, '2022-08-10 23:30:34', NULL, 'news74', 'news74', 1, 0, 0, 'NEWS', 5, 1),
	(209, '2022-08-10 23:30:34', NULL, 'news75', 'news75', 0, 0, 0, 'NEWS', 5, 1),
	(210, '2022-08-10 23:30:34', NULL, 'news76', 'news76', 0, 0, 0, 'NEWS', 5, 1),
	(211, '2022-08-10 23:30:34', NULL, 'news77', 'news77', 0, 0, 0, 'NEWS', 5, 1),
	(212, '2022-08-10 23:30:34', NULL, 'news78', 'news78', 0, 0, 0, 'NEWS', 5, 1),
	(213, '2022-08-10 23:30:34', NULL, 'news79', 'news79', 0, 0, 0, 'NEWS', 5, 1),
	(214, '2022-08-10 23:30:34', NULL, 'news80', 'news80', 0, 0, 0, 'NEWS', 5, 1),
	(215, '2022-08-10 23:30:34', NULL, 'news81', 'news81', 0, 0, 0, 'NEWS', 5, 1),
	(216, '2022-08-10 23:30:34', NULL, 'news82', 'news82', 0, 0, 0, 'NEWS', 5, 1),
	(217, '2022-08-10 23:30:34', NULL, 'news83', 'news83', 0, 0, 0, 'NEWS', 5, 1),
	(218, '2022-08-10 23:30:34', NULL, 'news84', 'news84', 0, 0, 0, 'NEWS', 5, 1),
	(219, '2022-08-10 23:30:34', NULL, 'news85', 'news85', 0, 0, 0, 'NEWS', 5, 1),
	(220, '2022-08-10 23:30:34', NULL, 'news86', 'news86', 0, 0, 0, 'NEWS', 5, 1),
	(221, '2022-08-10 23:30:34', NULL, 'news87', 'news87', 0, 0, 0, 'NEWS', 5, 1),
	(222, '2022-08-10 23:30:34', NULL, 'news88', 'news88', 1, 0, 0, 'NEWS', 5, 1),
	(223, '2022-08-10 23:30:34', NULL, 'news89', 'news89', 0, 0, 0, 'NEWS', 5, 1),
	(224, '2022-08-10 23:30:34', NULL, 'news90', 'news90', 0, 0, 0, 'NEWS', 5, 1),
	(225, '2022-08-10 23:30:34', NULL, 'news91', 'news91', 0, 0, 0, 'NEWS', 5, 1),
	(226, '2022-08-10 23:30:34', NULL, 'news92', 'news92', 0, 0, 0, 'NEWS', 5, 1),
	(227, '2022-08-10 23:30:34', NULL, 'news93', 'news93', 0, 0, 0, 'NEWS', 5, 1),
	(228, '2022-08-10 23:30:34', NULL, 'news94', 'news94', 0, 0, 0, 'NEWS', 5, 1),
	(229, '2022-08-10 23:30:34', NULL, 'news95', 'news95', 0, 0, 0, 'NEWS', 5, 1),
	(230, '2022-08-10 23:30:34', NULL, 'news96', 'news96', 0, 0, 0, 'NEWS', 5, 1),
	(231, '2022-08-10 23:30:34', NULL, 'news97', 'news97', 0, 0, 0, 'NEWS', 5, 1),
	(232, '2022-08-10 23:30:34', NULL, 'news98', 'news98', 0, 0, 0, 'NEWS', 5, 1),
	(233, '2022-08-10 23:30:34', NULL, 'news99', 'news99', 0, 0, 0, 'NEWS', 5, 1),
	(234, '2022-08-10 23:30:34', NULL, 'news100', 'news100', 0, 0, 0, 'NEWS', 5, 1),
	(235, '2022-08-10 23:30:34', NULL, 'news101', 'news101', 0, 0, 0, 'NEWS', 5, 1),
	(236, '2022-08-10 23:30:34', NULL, 'news102', 'news102', 0, 0, 0, 'NEWS', 5, 1),
	(237, '2022-08-10 23:30:34', NULL, 'news103', 'news103', 0, 0, 0, 'NEWS', 5, 1),
	(238, '2022-08-10 23:30:34', NULL, 'news104', 'news104', 0, 0, 0, 'NEWS', 5, 1),
	(239, '2022-08-10 23:30:34', NULL, 'news105', 'news105', 0, 0, 0, 'NEWS', 5, 1),
	(240, '2022-08-10 23:30:34', NULL, 'news106', 'news106', 0, 0, 0, 'NEWS', 5, 1),
	(241, '2022-08-10 23:30:34', NULL, 'news107', 'news107', 0, 0, 0, 'NEWS', 5, 1),
	(242, '2022-08-10 23:30:34', NULL, 'news108', 'news108', 0, 0, 0, 'NEWS', 5, 1),
	(243, '2022-08-10 23:30:34', NULL, 'news109', 'news109', 0, 0, 0, 'NEWS', 5, 1),
	(244, '2022-08-10 23:30:34', NULL, 'news110', 'news110', 0, 0, 0, 'NEWS', 5, 1),
	(245, '2022-08-10 23:30:34', NULL, 'news111', 'news111', 0, 0, 0, 'NEWS', 5, 1),
	(246, '2022-08-10 23:30:34', NULL, 'news112', 'news112', 0, 0, 0, 'NEWS', 5, 1),
	(247, '2022-08-10 23:30:34', NULL, 'news113', 'news113', 0, 0, 0, 'NEWS', 5, 1),
	(248, '2022-08-10 23:30:34', NULL, 'news114', 'news114', 0, 0, 0, 'NEWS', 5, 1),
	(249, '2022-08-10 23:30:34', NULL, 'news115', 'news115', 0, 0, 0, 'NEWS', 5, 1),
	(250, '2022-08-10 23:30:34', NULL, 'news116', 'news116', 2, 0, 0, 'NEWS', 5, 1),
	(251, '2022-08-10 23:30:34', NULL, 'news117', 'news117', 1, 0, 0, 'NEWS', 5, 1),
	(252, '2022-08-10 23:30:34', NULL, 'news118', 'news118', 3, 0, 0, 'NEWS', 5, 1),
	(253, '2022-08-10 23:30:34', NULL, 'news119', 'news119', 2, 0, 0, 'NEWS', 5, 1),
	(254, '2022-08-10 23:30:34', NULL, 'news120', 'news120', 5, 0, 0, 'NEWS', 5, 1),
	(255, '2022-08-11 01:01:59', NULL, 'free3', 'free3', 0, 0, 0, 'FREE', 5, 2),
	(256, '2022-08-11 01:01:59', NULL, 'free4', 'free4', 0, 0, 0, 'FREE', 5, 2),
	(257, '2022-08-11 01:01:59', NULL, 'free5', 'free5', 0, 0, 0, 'FREE', 5, 2),
	(258, '2022-08-11 01:01:59', NULL, 'free6', 'free6', 0, 0, 0, 'FREE', 5, 2),
	(259, '2022-08-11 01:01:59', NULL, 'free7', 'free7', 0, 0, 0, 'FREE', 5, 2),
	(260, '2022-08-11 01:01:59', NULL, 'free8', 'free8', 0, 0, 0, 'FREE', 5, 2),
	(261, '2022-08-11 01:01:59', NULL, 'free9', 'free9', 0, 0, 0, 'FREE', 5, 2),
	(262, '2022-08-11 01:01:59', NULL, 'free10', 'free10', 0, 0, 0, 'FREE', 5, 2),
	(263, '2022-08-11 01:01:59', NULL, 'free11', 'free11', 0, 0, 0, 'FREE', 5, 2),
	(264, '2022-08-11 01:01:59', NULL, 'free12', 'free12', 0, 0, 0, 'FREE', 5, 2),
	(265, '2022-08-11 01:01:59', NULL, 'free13', 'free13', 0, 0, 0, 'FREE', 5, 2),
	(266, '2022-08-11 01:01:59', NULL, 'free14', 'free14', 1, 0, 0, 'FREE', 5, 2),
	(267, '2022-08-11 01:01:59', NULL, 'free15', 'free15', 0, 0, 0, 'FREE', 5, 2),
	(268, '2022-08-11 01:01:59', NULL, 'free16', 'free16', 1, 0, 0, 'FREE', 5, 2),
	(269, '2022-08-11 01:01:59', NULL, 'free17', 'free17', 0, 0, 0, 'FREE', 5, 2),
	(270, '2022-08-11 01:01:59', NULL, 'free18', 'free18', 5, 0, 0, 'FREE', 5, 2),
	(271, '2022-08-11 01:01:59', NULL, 'free19', 'free19', 0, 0, 0, 'FREE', 5, 2),
	(272, '2022-08-11 01:01:59', NULL, 'free20', 'free20', 0, 0, 0, 'FREE', 5, 2),
	(273, '2022-08-11 01:01:59', NULL, 'free21', 'free21', 0, 0, 0, 'FREE', 5, 2),
	(274, '2022-08-11 01:01:59', NULL, 'free22', 'free22', 1, 0, 0, 'FREE', 5, 2),
	(275, '2022-08-11 01:01:59', NULL, 'free23', 'free23', 1, 0, 0, 'FREE', 5, 2),
	(276, '2022-08-11 01:01:59', NULL, 'free24', 'free24', 0, 0, 0, 'FREE', 5, 2),
	(277, '2022-08-11 01:01:59', NULL, 'free25', 'free25', 0, 0, 0, 'FREE', 5, 2),
	(278, '2022-08-11 01:01:59', NULL, 'free26', 'free26', 0, 0, 0, 'FREE', 5, 2),
	(279, '2022-08-11 01:01:59', NULL, 'free27', 'free27', 0, 0, 0, 'FREE', 5, 2),
	(280, '2022-08-11 01:01:59', NULL, 'free28', 'free28', 0, 0, 0, 'FREE', 5, 2),
	(281, '2022-08-11 01:01:59', NULL, 'free29', 'free29', 0, 0, 0, 'FREE', 5, 2),
	(282, '2022-08-11 01:01:59', NULL, 'free30', 'free30', 0, 0, 0, 'FREE', 5, 2),
	(283, '2022-08-11 01:03:00', NULL, 'free31', 'free31', 2, 0, 0, 'FREE', 5, 3),
	(284, '2022-08-11 01:03:00', NULL, 'free32', 'free32', 0, 0, 0, 'FREE', 5, 3),
	(285, '2022-08-11 01:03:00', NULL, 'free33', 'free33', 0, 0, 0, 'FREE', 5, 3),
	(286, '2022-08-11 01:03:00', '2022-08-11 19:05:09', 'free34', 'free34', 6, 0, 1, 'FREE', 5, 3),
	(287, '2022-08-11 01:03:00', NULL, 'free35', 'free35', 5, 0, 0, 'FREE', 5, 3),
	(288, '2022-08-11 01:03:00', NULL, 'free36', 'free36', 1, 0, 0, 'FREE', 5, 3),
	(289, '2022-08-11 01:03:00', NULL, 'free37', 'free37', 0, 0, 0, 'FREE', 5, 3),
	(290, '2022-08-11 01:03:00', NULL, 'free38', 'free38', 1, 0, 0, 'FREE', 5, 3),
	(291, '2022-08-11 01:03:00', NULL, 'free39', 'free39', 0, 0, 0, 'FREE', 5, 3),
	(292, '2022-08-11 01:03:00', NULL, 'free40', 'free40', 0, 0, 0, 'FREE', 5, 3),
	(293, '2022-08-11 01:03:00', NULL, 'free41', 'free41', 0, 0, 0, 'FREE', 5, 3),
	(294, '2022-08-11 01:03:00', NULL, 'free42', 'free42', 10, 1, 0, 'FREE', 5, 3),
	(295, '2022-08-11 01:03:00', NULL, 'free43', 'free43', 0, 0, 0, 'FREE', 5, 3),
	(296, '2022-08-11 01:03:00', NULL, 'free44', 'free44', 3, 0, 0, 'FREE', 5, 3),
	(297, '2022-08-11 01:03:00', NULL, 'free45', 'free45', 0, 0, 0, 'FREE', 5, 3),
	(298, '2022-08-11 01:03:00', NULL, 'free46', 'free46', 2, 0, 0, 'FREE', 5, 3),
	(299, '2022-08-11 01:03:00', NULL, 'free47', 'free47', 3, 0, 0, 'FREE', 5, 3),
	(300, '2022-08-11 01:03:00', NULL, 'free48', 'free48', 0, 0, 0, 'FREE', 5, 3),
	(301, '2022-08-11 01:03:00', NULL, 'free49', 'free49', 0, 0, 0, 'FREE', 5, 3),
	(302, '2022-08-11 01:03:00', NULL, 'free50', 'free50', 0, 0, 0, 'FREE', 5, 3),
	(303, '2022-08-11 01:03:00', NULL, 'free51', 'free51', 3, 0, 0, 'FREE', 5, 3),
	(304, '2022-08-11 01:03:00', NULL, 'free52', 'free52', 0, 0, 0, 'FREE', 5, 3),
	(305, '2022-08-11 01:03:00', NULL, 'free53', 'free53', 0, 0, 0, 'FREE', 5, 3),
	(306, '2022-08-11 01:03:00', NULL, 'free54', 'free54', 0, 0, 0, 'FREE', 5, 3),
	(307, '2022-08-11 01:03:00', NULL, 'free55', 'free55', 1, 0, 0, 'FREE', 5, 3),
	(308, '2022-08-11 01:03:00', NULL, 'free56', 'free56', 0, 0, 0, 'FREE', 5, 3),
	(309, '2022-08-11 01:03:00', NULL, 'free57', 'free57', 0, 0, 0, 'FREE', 5, 3),
	(310, '2022-08-11 01:03:00', NULL, 'free58', 'free58', 0, 0, 0, 'FREE', 5, 3),
	(311, '2022-08-11 01:03:00', NULL, 'free59', 'free59', 0, 0, 0, 'FREE', 5, 3),
	(312, '2022-08-11 01:03:00', NULL, 'free60', 'free60', 0, 0, 0, 'FREE', 5, 3),
	(313, '2022-08-11 01:04:12', NULL, 'free61', 'free61', 0, 0, 0, 'FREE', 7, 4),
	(314, '2022-08-11 01:04:12', NULL, 'free62', 'free62', 0, 0, 0, 'FREE', 7, 4),
	(315, '2022-08-11 01:04:12', NULL, 'free63', 'free63', 0, 0, 0, 'FREE', 7, 4),
	(316, '2022-08-11 01:04:12', NULL, 'free64', 'free64', 0, 0, 0, 'FREE', 7, 4),
	(317, '2022-08-11 01:04:12', NULL, 'free65', 'free65', 3, 0, 0, 'FREE', 7, 4),
	(318, '2022-08-11 01:04:12', NULL, 'free66', 'free66', 8, 0, 0, 'FREE', 7, 4),
	(319, '2022-08-11 01:04:12', NULL, 'free67', 'free67', 4, 0, 0, 'FREE', 7, 4),
	(320, '2022-08-11 01:04:12', NULL, 'free68', 'free68', 0, 0, 0, 'FREE', 7, 4),
	(321, '2022-08-11 01:04:12', NULL, 'free69', 'free69', 0, 0, 0, 'FREE', 7, 4),
	(322, '2022-08-11 01:04:12', NULL, 'free70', 'free70', 0, 0, 0, 'FREE', 7, 4),
	(323, '2022-08-11 01:04:12', NULL, 'free71', 'free71', 0, 0, 0, 'FREE', 7, 4),
	(324, '2022-08-11 01:04:12', NULL, 'free72', 'free72', 0, 0, 0, 'FREE', 7, 4),
	(325, '2022-08-11 01:04:12', NULL, 'free73', 'free73', 0, 0, 0, 'FREE', 7, 4),
	(326, '2022-08-11 01:04:12', NULL, 'free74', 'free74', 0, 0, 0, 'FREE', 7, 4),
	(327, '2022-08-11 01:04:12', NULL, 'free75', 'free75', 3, 0, 0, 'FREE', 7, 4),
	(328, '2022-08-11 01:04:12', '2022-08-22 18:43:03', 'free76', 'free76 ee', 2, 0, 0, 'FREE', 7, 4),
	(329, '2022-08-11 01:04:12', NULL, 'free77', 'free77', 0, 0, 0, 'FREE', 7, 4),
	(330, '2022-08-11 01:04:12', NULL, 'free78', 'free78', 0, 0, 0, 'FREE', 7, 4),
	(331, '2022-08-11 01:04:12', NULL, 'free79', 'free79', 0, 0, 0, 'FREE', 7, 4),
	(332, '2022-08-11 01:04:12', NULL, 'free80', 'free80', 0, 0, 0, 'FREE', 7, 4),
	(333, '2022-08-11 01:04:12', NULL, 'free81', 'free81', 1, 0, 0, 'FREE', 7, 4),
	(334, '2022-08-11 01:04:12', NULL, 'free82', 'free82', 0, 0, 0, 'FREE', 7, 4),
	(335, '2022-08-11 01:04:12', NULL, 'free83', 'free83', 0, 0, 0, 'FREE', 7, 4),
	(336, '2022-08-11 01:04:12', NULL, 'free84', 'free84', 0, 0, 0, 'FREE', 7, 4),
	(337, '2022-08-11 01:04:12', NULL, 'free85', 'free85', 1, 0, 0, 'FREE', 7, 4),
	(338, '2022-08-11 01:04:12', NULL, 'free86', 'free86', 0, 0, 0, 'FREE', 7, 4),
	(339, '2022-08-11 01:04:12', NULL, 'free87', 'free87', 0, 0, 0, 'FREE', 7, 4),
	(340, '2022-08-11 01:04:12', NULL, 'free88', 'free88', 0, 0, 0, 'FREE', 7, 4),
	(341, '2022-08-11 01:04:12', NULL, 'free89', 'free89', 0, 0, 0, 'FREE', 7, 4),
	(342, '2022-08-11 01:04:12', NULL, 'free90', 'free90', 0, 0, 0, 'FREE', 7, 4),
	(343, '2022-08-11 01:04:40', NULL, 'free91', 'free91', 0, 0, 0, 'FREE', 6, 5),
	(344, '2022-08-11 01:04:40', NULL, 'free92', 'free92', 0, 0, 0, 'FREE', 6, 5),
	(345, '2022-08-11 01:04:40', NULL, 'free93', 'free93', 0, 0, 0, 'FREE', 6, 5),
	(346, '2022-08-11 01:04:40', NULL, 'free94', 'free94', 0, 0, 0, 'FREE', 6, 5),
	(347, '2022-08-11 01:04:40', NULL, 'free95', 'free95', 0, 0, 0, 'FREE', 6, 5),
	(348, '2022-08-11 01:04:40', NULL, 'free96', 'free96', 0, 0, 0, 'FREE', 6, 5),
	(349, '2022-08-11 01:04:40', NULL, 'free97', 'free97', 0, 0, 0, 'FREE', 6, 5),
	(350, '2022-08-11 01:04:40', NULL, 'free98', 'free98', 0, 0, 0, 'FREE', 6, 5),
	(351, '2022-08-11 01:04:40', NULL, 'free99', 'free99', 0, 0, 0, 'FREE', 6, 5),
	(352, '2022-08-11 01:04:40', NULL, 'free100', 'free100', 0, 0, 0, 'FREE', 6, 5),
	(353, '2022-08-11 01:04:40', NULL, 'free101', 'free101', 0, 0, 0, 'FREE', 6, 5),
	(354, '2022-08-11 01:04:40', NULL, 'free102', 'free102', 0, 0, 0, 'FREE', 6, 5),
	(355, '2022-08-11 01:04:40', NULL, 'free103', 'free103', 0, 0, 0, 'FREE', 6, 5),
	(356, '2022-08-11 01:04:40', NULL, 'free104', 'free104', 0, 0, 0, 'FREE', 6, 5),
	(357, '2022-08-11 01:04:40', NULL, 'free105', 'free105', 0, 0, 0, 'FREE', 6, 5),
	(358, '2022-08-11 01:04:40', NULL, 'free106', 'free106', 0, 0, 0, 'FREE', 6, 5),
	(359, '2022-08-11 01:04:40', NULL, 'free107', 'free107', 0, 0, 0, 'FREE', 6, 5),
	(360, '2022-08-11 01:04:40', NULL, 'free108', 'free108', 0, 0, 0, 'FREE', 6, 5),
	(361, '2022-08-11 01:04:40', NULL, 'free109', 'free109', 0, 0, 0, 'FREE', 6, 5),
	(362, '2022-08-11 01:04:40', NULL, 'free110', 'free110', 0, 0, 0, 'FREE', 6, 5),
	(363, '2022-08-11 01:04:40', NULL, 'free111', 'free111', 0, 0, 0, 'FREE', 6, 5),
	(364, '2022-08-11 01:04:40', NULL, 'free112', 'free112', 1, 0, 0, 'FREE', 6, 5),
	(365, '2022-08-11 01:04:40', NULL, 'free113', 'free113', 5, 0, 0, 'FREE', 6, 5),
	(366, '2022-08-11 01:04:40', NULL, 'free114', 'free114', 2, 0, 0, 'FREE', 6, 5),
	(367, '2022-08-11 01:04:40', NULL, 'free115', 'free115', 3, 0, 0, 'FREE', 6, 5),
	(368, '2022-08-11 01:04:40', NULL, 'free116', 'free116', 5, 0, 0, 'FREE', 6, 5),
	(369, '2022-08-11 01:04:40', NULL, 'free117', 'free117', 18, 1, 0, 'FREE', 6, 5),
	(370, '2022-08-11 01:04:40', NULL, 'free118', 'free118', 9, 0, 0, 'FREE', 6, 5),
	(371, '2022-08-11 01:04:40', NULL, 'free119', 'free119', 11, 0, 0, 'FREE', 6, 5),
	(372, '2022-08-11 01:04:40', '2022-08-11 19:05:26', 'free120', 'free120 ㅎㅎ', 13, 0, 0, 'FREE', 6, 5),
	(373, '2022-08-11 01:47:59', NULL, 'member3', 'member3', 0, 0, 0, 'MEMBER', 6, 2),
	(374, '2022-08-11 01:47:59', NULL, 'member4', 'member4', 0, 0, 0, 'MEMBER', 6, 2),
	(375, '2022-08-11 01:47:59', NULL, 'member5', 'member5', 1, 0, 0, 'MEMBER', 6, 2),
	(376, '2022-08-11 01:47:59', NULL, 'member6', 'member6', 0, 0, 0, 'MEMBER', 6, 2),
	(377, '2022-08-11 01:47:59', NULL, 'member7', 'member7', 0, 0, 0, 'MEMBER', 6, 2),
	(378, '2022-08-11 01:47:59', NULL, 'member8', 'member8', 0, 0, 0, 'MEMBER', 6, 2),
	(379, '2022-08-11 01:47:59', NULL, 'member9', 'member9', 0, 0, 0, 'MEMBER', 6, 2),
	(380, '2022-08-11 01:47:59', NULL, 'member10', 'member10', 0, 0, 0, 'MEMBER', 6, 2),
	(381, '2022-08-11 01:47:59', NULL, 'member11', 'member11', 0, 0, 0, 'MEMBER', 6, 2),
	(382, '2022-08-11 01:47:59', NULL, 'member12', 'member12', 0, 0, 0, 'MEMBER', 6, 2),
	(383, '2022-08-11 01:47:59', NULL, 'member13', 'member13', 0, 0, 0, 'MEMBER', 6, 2),
	(384, '2022-08-11 01:47:59', NULL, 'member14', 'member14', 0, 0, 0, 'MEMBER', 6, 2),
	(385, '2022-08-11 01:47:59', NULL, 'member15', 'member15', 0, 0, 0, 'MEMBER', 6, 2),
	(386, '2022-08-11 01:47:59', NULL, 'member16', 'member16', 1, 0, 0, 'MEMBER', 6, 2),
	(387, '2022-08-11 01:47:59', NULL, 'member17', 'member17', 0, 0, 0, 'MEMBER', 6, 2),
	(388, '2022-08-11 01:47:59', NULL, 'member18', 'member18', 0, 0, 0, 'MEMBER', 6, 2),
	(389, '2022-08-11 01:47:59', NULL, 'member19', 'member19', 0, 0, 0, 'MEMBER', 6, 2),
	(390, '2022-08-11 01:47:59', NULL, 'member20', 'member20', 0, 0, 0, 'MEMBER', 6, 2),
	(391, '2022-08-11 01:47:59', NULL, 'member21', 'member21', 0, 0, 0, 'MEMBER', 6, 2),
	(392, '2022-08-11 01:47:59', NULL, 'member22', 'member22', 0, 0, 0, 'MEMBER', 6, 2),
	(393, '2022-08-11 01:47:59', NULL, 'member23', 'member23', 0, 0, 0, 'MEMBER', 6, 2),
	(394, '2022-08-11 01:47:59', NULL, 'member24', 'member24', 0, 0, 0, 'MEMBER', 6, 2),
	(395, '2022-08-11 01:47:59', NULL, 'member25', 'member25', 1, 0, 0, 'MEMBER', 6, 2),
	(396, '2022-08-11 01:47:59', NULL, 'member26', 'member26', 0, 0, 0, 'MEMBER', 6, 2),
	(397, '2022-08-11 01:47:59', NULL, 'member27', 'member27', 0, 0, 0, 'MEMBER', 6, 2),
	(398, '2022-08-11 01:47:59', NULL, 'member28', 'member28', 0, 0, 0, 'MEMBER', 6, 2),
	(399, '2022-08-11 01:47:59', NULL, 'member29', 'member29', 0, 0, 0, 'MEMBER', 6, 2),
	(400, '2022-08-11 01:47:59', NULL, 'member30', 'member30', 0, 0, 0, 'MEMBER', 6, 2),
	(401, '2022-08-11 01:48:18', NULL, 'member31', 'member31', 0, 0, 0, 'MEMBER', 7, 3),
	(402, '2022-08-11 01:48:18', NULL, 'member32', 'member32', 4, 0, 0, 'MEMBER', 7, 3),
	(403, '2022-08-11 01:48:18', NULL, 'member33', 'member33', 0, 0, 0, 'MEMBER', 7, 3),
	(404, '2022-08-11 01:48:18', NULL, 'member34', 'member34', 0, 0, 0, 'MEMBER', 7, 3),
	(405, '2022-08-11 01:48:18', NULL, 'member35', 'member35', 0, 0, 0, 'MEMBER', 7, 3),
	(406, '2022-08-11 01:48:18', NULL, 'member36', 'member36', 2, 0, 0, 'MEMBER', 7, 3),
	(407, '2022-08-11 01:48:18', NULL, 'member37', 'member37', 0, 0, 0, 'MEMBER', 7, 3),
	(408, '2022-08-11 01:48:18', NULL, 'member38', 'member38', 0, 0, 0, 'MEMBER', 7, 3),
	(409, '2022-08-11 01:48:18', NULL, 'member39', 'member39', 0, 0, 0, 'MEMBER', 7, 3),
	(410, '2022-08-11 01:48:18', NULL, 'member40', 'member40', 0, 0, 0, 'MEMBER', 7, 3),
	(411, '2022-08-11 01:48:18', NULL, 'member41', 'member41', 0, 0, 0, 'MEMBER', 7, 3),
	(412, '2022-08-11 01:48:18', NULL, 'member42', 'member42', 0, 0, 0, 'MEMBER', 7, 3),
	(413, '2022-08-11 01:48:18', NULL, 'member43', 'member43', 0, 0, 0, 'MEMBER', 7, 3),
	(414, '2022-08-11 01:48:18', NULL, 'member44', 'member44', 0, 0, 0, 'MEMBER', 7, 3),
	(415, '2022-08-11 01:48:18', NULL, 'member45', 'member45', 0, 0, 0, 'MEMBER', 7, 3),
	(416, '2022-08-11 01:48:18', NULL, 'member46', 'member46', 0, 0, 0, 'MEMBER', 7, 3),
	(417, '2022-08-11 01:48:18', NULL, 'member47', 'member47', 0, 0, 0, 'MEMBER', 7, 3),
	(418, '2022-08-11 01:48:18', NULL, 'member48', 'member48', 0, 0, 0, 'MEMBER', 7, 3),
	(419, '2022-08-11 01:48:18', NULL, 'member49', 'member49', 0, 0, 0, 'MEMBER', 7, 3),
	(420, '2022-08-11 01:48:18', NULL, 'member50', 'member50', 0, 0, 0, 'MEMBER', 7, 3),
	(421, '2022-08-11 01:48:18', NULL, 'member51', 'member51', 0, 0, 0, 'MEMBER', 7, 3),
	(422, '2022-08-11 01:48:18', NULL, 'member52', 'member52', 0, 0, 0, 'MEMBER', 7, 3),
	(423, '2022-08-11 01:48:18', NULL, 'member53', 'member53', 0, 0, 0, 'MEMBER', 7, 3),
	(424, '2022-08-11 01:48:18', NULL, 'member54', 'member54', 0, 0, 0, 'MEMBER', 7, 3),
	(425, '2022-08-11 01:48:18', NULL, 'member55', 'member55', 0, 0, 0, 'MEMBER', 7, 3),
	(426, '2022-08-11 01:48:18', NULL, 'member56', 'member56', 0, 0, 0, 'MEMBER', 7, 3),
	(427, '2022-08-11 01:48:18', NULL, 'member57', 'member57', 0, 0, 0, 'MEMBER', 7, 3),
	(428, '2022-08-11 01:48:18', NULL, 'member58', 'member58', 0, 0, 0, 'MEMBER', 7, 3),
	(429, '2022-08-11 01:48:18', NULL, 'member59', 'member59', 0, 0, 0, 'MEMBER', 7, 3),
	(430, '2022-08-11 01:48:18', NULL, 'member60', 'member60', 0, 0, 0, 'MEMBER', 7, 3),
	(431, '2022-08-11 01:48:35', NULL, 'member61', 'member61', 0, 0, 0, 'MEMBER', 8, 4),
	(432, '2022-08-11 01:48:35', NULL, 'member62', 'member62', 0, 0, 0, 'MEMBER', 8, 4),
	(433, '2022-08-11 01:48:35', NULL, 'member63', 'member63', 0, 0, 0, 'MEMBER', 8, 4),
	(434, '2022-08-11 01:48:35', NULL, 'member64', 'member64', 0, 0, 0, 'MEMBER', 8, 4),
	(435, '2022-08-11 01:48:35', NULL, 'member65', 'member65', 1, 0, 0, 'MEMBER', 8, 4),
	(436, '2022-08-11 01:48:35', NULL, 'member66', 'member66', 0, 0, 0, 'MEMBER', 8, 4),
	(437, '2022-08-11 01:48:35', NULL, 'member67', 'member67', 0, 0, 0, 'MEMBER', 8, 4),
	(438, '2022-08-11 01:48:35', NULL, 'member68', 'member68', 0, 0, 0, 'MEMBER', 8, 4),
	(439, '2022-08-11 01:48:35', NULL, 'member69', 'member69', 0, 0, 0, 'MEMBER', 8, 4),
	(440, '2022-08-11 01:48:35', NULL, 'member70', 'member70', 0, 0, 0, 'MEMBER', 8, 4),
	(441, '2022-08-11 01:48:35', NULL, 'member71', 'member71', 0, 0, 0, 'MEMBER', 8, 4),
	(442, '2022-08-11 01:48:35', NULL, 'member72', 'member72', 0, 0, 0, 'MEMBER', 8, 4),
	(443, '2022-08-11 01:48:35', NULL, 'member73', 'member73', 0, 0, 0, 'MEMBER', 8, 4),
	(444, '2022-08-11 01:48:35', NULL, 'member74', 'member74', 1, 0, 0, 'MEMBER', 8, 4),
	(445, '2022-08-11 01:48:35', NULL, 'member75', 'member75', 0, 0, 0, 'MEMBER', 8, 4),
	(446, '2022-08-11 01:48:35', NULL, 'member76', 'member76', 0, 0, 0, 'MEMBER', 8, 4),
	(447, '2022-08-11 01:48:35', NULL, 'member77', 'member77', 0, 0, 0, 'MEMBER', 8, 4),
	(448, '2022-08-11 01:48:35', NULL, 'member78', 'member78', 0, 0, 0, 'MEMBER', 8, 4),
	(449, '2022-08-11 01:48:35', NULL, 'member79', 'member79', 0, 0, 0, 'MEMBER', 8, 4),
	(450, '2022-08-11 01:48:35', NULL, 'member80', 'member80', 0, 0, 0, 'MEMBER', 8, 4),
	(451, '2022-08-11 01:48:35', NULL, 'member81', 'member81', 0, 0, 0, 'MEMBER', 8, 4),
	(452, '2022-08-11 01:48:35', NULL, 'member82', 'member82', 0, 0, 0, 'MEMBER', 8, 4),
	(453, '2022-08-11 01:48:35', NULL, 'member83', 'member83', 0, 0, 0, 'MEMBER', 8, 4),
	(454, '2022-08-11 01:48:35', NULL, 'member84', 'member84', 0, 0, 0, 'MEMBER', 8, 4),
	(455, '2022-08-11 01:48:35', NULL, 'member85', 'member85', 0, 0, 0, 'MEMBER', 8, 4),
	(456, '2022-08-11 01:48:35', NULL, 'member86', 'member86', 0, 0, 0, 'MEMBER', 8, 4),
	(457, '2022-08-11 01:48:35', NULL, 'member87', 'member87', 0, 0, 0, 'MEMBER', 8, 4),
	(458, '2022-08-11 01:48:35', NULL, 'member88', 'member88', 0, 0, 0, 'MEMBER', 8, 4),
	(459, '2022-08-11 01:48:35', NULL, 'member89', 'member89', 0, 0, 0, 'MEMBER', 8, 4),
	(460, '2022-08-11 01:48:35', NULL, 'member90', 'member90', 0, 0, 0, 'MEMBER', 8, 4),
	(461, '2022-08-11 01:49:04', NULL, 'member91', 'member91', 0, 0, 0, 'MEMBER', 3, 5),
	(462, '2022-08-11 01:49:04', NULL, 'member92', 'member92', 0, 0, 0, 'MEMBER', 3, 5),
	(463, '2022-08-11 01:49:04', NULL, 'member93', 'member93', 0, 0, 0, 'MEMBER', 3, 5),
	(464, '2022-08-11 01:49:04', NULL, 'member94', 'member94', 0, 0, 0, 'MEMBER', 3, 5),
	(465, '2022-08-11 01:49:04', NULL, 'member95', 'member95', 0, 0, 0, 'MEMBER', 3, 5),
	(466, '2022-08-11 01:49:04', NULL, 'member96', 'member96', 0, 0, 0, 'MEMBER', 3, 5),
	(467, '2022-08-11 01:49:04', NULL, 'member97', 'member97', 0, 0, 0, 'MEMBER', 3, 5),
	(468, '2022-08-11 01:49:04', NULL, 'member98', 'member98', 0, 0, 0, 'MEMBER', 3, 5),
	(469, '2022-08-11 01:49:04', NULL, 'member99', 'member99', 0, 0, 0, 'MEMBER', 3, 5),
	(470, '2022-08-11 01:49:04', NULL, 'member100', 'member100', 0, 0, 0, 'MEMBER', 3, 5),
	(471, '2022-08-11 01:49:04', NULL, 'member101', 'member101', 0, 0, 0, 'MEMBER', 3, 5),
	(472, '2022-08-11 01:49:04', NULL, 'member102', 'member102', 0, 0, 0, 'MEMBER', 3, 5),
	(473, '2022-08-11 01:49:04', NULL, 'member103', 'member103', 0, 0, 0, 'MEMBER', 3, 5),
	(474, '2022-08-11 01:49:04', NULL, 'member104', 'member104', 0, 0, 0, 'MEMBER', 3, 5),
	(475, '2022-08-11 01:49:04', NULL, 'member105', 'member105', 0, 0, 0, 'MEMBER', 3, 5),
	(476, '2022-08-11 01:49:04', NULL, 'member106', 'member106', 0, 0, 0, 'MEMBER', 3, 5),
	(477, '2022-08-11 01:49:04', NULL, 'member107', 'member107', 0, 0, 0, 'MEMBER', 3, 5),
	(478, '2022-08-11 01:49:04', NULL, 'member108', 'member108', 0, 0, 0, 'MEMBER', 3, 5),
	(479, '2022-08-11 01:49:04', NULL, 'member109', 'member109', 0, 0, 0, 'MEMBER', 3, 5),
	(480, '2022-08-11 01:49:04', NULL, 'member110', 'member110', 0, 0, 0, 'MEMBER', 3, 5),
	(481, '2022-08-11 01:49:04', NULL, 'member111', 'member111', 0, 0, 0, 'MEMBER', 3, 5),
	(482, '2022-08-11 01:49:04', NULL, 'member112', 'member112', 0, 0, 0, 'MEMBER', 3, 5),
	(483, '2022-08-11 01:49:04', NULL, 'member113', 'member113', 0, 0, 0, 'MEMBER', 3, 5),
	(484, '2022-08-11 01:49:04', NULL, 'member114', 'member114', 0, 0, 0, 'MEMBER', 3, 5),
	(485, '2022-08-11 01:49:04', NULL, 'member115', 'member115', 4, 0, 0, 'MEMBER', 3, 5),
	(486, '2022-08-11 01:49:04', NULL, 'member116', 'member116', 2, 0, 0, 'MEMBER', 3, 5),
	(487, '2022-08-11 01:49:04', NULL, 'member117', 'member117', 4, 0, 0, 'MEMBER', 3, 5),
	(488, '2022-08-11 01:49:04', NULL, 'member118', 'member118', 2, 0, 0, 'MEMBER', 3, 5),
	(489, '2022-08-11 01:49:04', NULL, 'member119', 'member119', 2, 0, 0, 'MEMBER', 3, 5),
	(490, '2022-08-11 01:49:04', NULL, 'member120', 'member120', 19, 0, 0, 'MEMBER', 3, 5),
	(492, '2022-08-12 01:50:01', '2022-08-12 01:50:29', 'c가 어려움', '어렵긴함;;\r\n그냥해라', 16, 5, 0, 'FREE', 7, 2),
	(494, '2022-08-19 00:06:16', NULL, '작성 테스트', '작성 테스트', 25, 1, 0, 'FREE', 7, 3),
	(495, '2022-08-19 00:07:09', '2022-08-19 01:03:46', '수정이다', '수정이야', 13, 0, 0, 'MEMBER', 7, 4),
	(498, '2022-08-22 18:34:27', '2022-08-22 18:42:51', 'testtest2', 'testtest 232', 24, 0, 1, 'FREE', 7, 4),
	(499, '2022-08-27 03:37:37', NULL, '헤더 테스', '헤더 테스', 1, 0, 0, 'NOTIFY', 5, 1),
	(500, '2022-08-27 03:53:20', NULL, '123123', '123123', 19, 0, 1, 'NOTIFY', 5, 1),
	(503, '2022-08-27 03:58:55', NULL, '333333', '33333', 1, 0, 0, 'NOTIFY', 5, 1),
	(504, '2022-08-27 04:00:16', NULL, '333333', '3333333', 0, 0, 0, 'NOTIFY', 5, 1),
	(505, '2022-08-27 04:00:59', NULL, '3333333333333333', '33333333333333333', 1, 0, 0, 'NOTIFY', 5, 1),
	(506, '2022-08-27 04:03:04', NULL, '33333', '333333', 3, 1, 0, 'NOTIFY', 5, 1),
	(507, '2022-08-27 04:05:36', NULL, '3333333', '333333333333333', 3, 0, 0, 'NOTIFY', 5, 1),
	(508, '2022-08-27 04:09:39', NULL, '333333', '33333333', 1, 0, 0, 'NOTIFY', 5, 1),
	(509, '2022-08-27 04:10:25', NULL, '3333333333333', '3333333333333333', 4, 0, 0, 'NOTIFY', 5, 1),
	(510, '2022-08-27 04:11:30', NULL, '333333', '333333', 1, 0, 0, 'NOTIFY', 5, 1),
	(511, '2022-08-27 04:11:51', NULL, '333333333333333333', '3333333333333333333333', 8, 0, 0, 'NOTIFY', 5, 1),
	(512, '2022-08-27 04:12:05', NULL, '123123', '123123', 4, 0, 0, 'NOTIFY', 5, 1),
	(513, '2022-08-27 04:13:08', '2022-09-18 18:19:54', '수정해봄봄', '12ㅇㅇㅇㅇ1231', 29, 0, 1, 'NOTIFY', 5, 1),
	(514, '2022-09-07 23:12:56', NULL, 'fdfds', 'fdsafs', 61, 2, 1, 'NOTIFY', 5, 1),
	(515, '2022-09-21 15:40:54', NULL, '공지이다', '공ㅈ이다', 1, 0, 1, 'NOTIFY', 5, 1),
	(516, '2022-09-21 15:41:40', NULL, 'ㄱㅇㅈ', 'ㄱㅇㅈ', 0, 0, 1, 'NOTIFY', 5, 1),
	(517, '2022-09-21 15:42:12', NULL, 'ㄹㅇㄴㅁ', 'ㄹㄴㅇㅁ', 2, 0, 0, 'NOTIFY', 5, 1),
	(518, '2022-09-21 15:43:23', NULL, 'ㄱㄱㄱㄱㄱ', 'ㄱㄱㄱㄱㄱ', 4, 0, 0, 'NOTIFY', 5, 1),
	(519, '2022-09-21 15:45:10', NULL, 'rrerr', 'rrrer', 1, 0, 0, 'NOTIFY', 5, 1),
	(523, '2022-09-21 15:46:45', NULL, 'rere', 'rerer', 15, 0, 0, 'NOTIFY', 5, 1),
	(526, '2022-09-21 15:53:31', '2022-10-18 17:29:08', 'c는 어렵다', 'c는 어렵다22', 7, 0, 0, 'FREE', 15, 2),
	(527, '2022-09-21 15:53:50', NULL, '자바는 쉽지 않아', '자바는 쉽지 않아', 10, 1, 0, 'MEMBER', 15, 3),
	(530, '2022-09-29 18:14:23', '2022-10-18 17:29:29', '유저 테스트', '유저 테스트', 5, 0, 1, 'NOTIFY', 5, 1),
	(531, '2022-10-18 17:18:06', NULL, 'ggg', 'ggg', 7, 1, 1, 'FREE', 5, 4);
/*!40000 ALTER TABLE `boards` ENABLE KEYS */;

-- 테이블 board_final.categories 구조 내보내기
CREATE TABLE IF NOT EXISTS `categories` (
  `category_seq` int(11) NOT NULL AUTO_INCREMENT,
  `name` varchar(20) NOT NULL,
  PRIMARY KEY (`category_seq`)
) ENGINE=InnoDB AUTO_INCREMENT=6 DEFAULT CHARSET=utf8mb3;

-- 테이블 데이터 board_final.categories:~5 rows (대략적) 내보내기
/*!40000 ALTER TABLE `categories` DISABLE KEYS */;
INSERT INTO `categories` (`category_seq`, `name`) VALUES
	(1, 'NONE'),
	(2, 'C/C++'),
	(3, 'JAVA'),
	(4, 'JavaScript'),
	(5, 'Python');
/*!40000 ALTER TABLE `categories` ENABLE KEYS */;

-- 테이블 board_final.comments 구조 내보내기
CREATE TABLE IF NOT EXISTS `comments` (
  `comment_seq` int(11) NOT NULL AUTO_INCREMENT,
  `date_created` datetime NOT NULL,
  `date_updated` datetime DEFAULT NULL,
  `content` varchar(200) NOT NULL,
  `board_seq` int(11) NOT NULL,
  `user_seq` int(11) NOT NULL,
  PRIMARY KEY (`comment_seq`),
  KEY `FK_comments_board_seq` (`board_seq`),
  KEY `FK_comments_user_seq` (`user_seq`),
  CONSTRAINT `FK_comments_board_seq` FOREIGN KEY (`board_seq`) REFERENCES `boards` (`board_seq`) ON DELETE CASCADE ON UPDATE CASCADE,
  CONSTRAINT `FK_comments_user_seq` FOREIGN KEY (`user_seq`) REFERENCES `users` (`user_seq`) ON DELETE NO ACTION ON UPDATE NO ACTION
) ENGINE=InnoDB AUTO_INCREMENT=42 DEFAULT CHARSET=utf8mb3;

-- 테이블 데이터 board_final.comments:~21 rows (대략적) 내보내기
/*!40000 ALTER TABLE `comments` DISABLE KEYS */;
INSERT INTO `comments` (`comment_seq`, `date_created`, `date_updated`, `content`, `board_seq`, `user_seq`) VALUES
	(2, '2022-08-10 16:24:35', NULL, 'ㄷㄷㄷ', 3, 6),
	(3, '2022-08-11 23:03:32', '2022-08-21 17:48:43', '그렇죠 ee', 134, 5),
	(4, '2022-08-11 23:13:54', NULL, '그렇죠', 68, 5),
	(6, '2022-08-12 00:08:21', NULL, '와!!', 294, 5),
	(7, '2022-08-12 00:58:28', NULL, '와 ㄷㄷ', 134, 7),
	(9, '2022-08-12 01:27:29', NULL, '거의 다 한듯;; ㅋㅋㅋㅋ', 134, 5),
	(10, '2022-08-12 01:33:28', NULL, 'ㄷㄷㄷㄷ', 129, 5),
	(13, '2022-08-12 01:50:07', '2022-08-12 01:50:15', '그럴 수 있죠 ;;', 492, 7),
	(16, '2022-08-17 22:08:10', NULL, '댓글입니다@@@', 492, 7),
	(17, '2022-08-17 22:16:49', NULL, '댓글입니다@@', 492, 7),
	(18, '2022-08-17 22:16:51', '2022-08-17 22:54:03', '장인아;;', 492, 7),
	(20, '2022-08-21 01:21:09', NULL, 'ㄷㄷㄷ', 135, 7),
	(21, '2022-08-22 00:35:20', NULL, '그렇죠', 494, 7),
	(22, '2022-08-22 18:13:59', '2022-08-22 18:14:06', '그렇죠 ㅎㅎ', 369, 7),
	(25, '2022-08-22 18:43:38', '2022-08-27 02:32:38', '그렇죠 e....ee222223334444', 45, 7),
	(26, '2022-08-23 01:09:56', NULL, '허허;;', 492, 15),
	(27, '2022-08-26 23:54:49', NULL, 'eee', 134, 7),
	(28, '2022-08-27 00:12:29', NULL, 'ㅎㅇㅎㅇ', 134, 15),
	(34, '2022-08-27 02:09:12', '2022-08-27 02:15:56', 'ㅇㅇㅋㅋ;;;;;ㅣㅣㅣㅋㅋㅋㅋ', 130, 15),
	(35, '2022-08-27 02:10:04', '2022-08-27 02:16:03', 'ㅏㅏㅏㅏㅇㅇㅇㅇ', 130, 15),
	(37, '2022-08-27 04:28:14', '2022-08-27 04:28:20', 'fdsaf1222222', 506, 5),
	(38, '2022-09-21 15:20:27', NULL, '익익익', 514, 5),
	(39, '2022-09-21 15:20:30', NULL, 'ㅇㅇㅇ', 514, 5),
	(40, '2022-09-25 17:45:21', '2022-09-25 17:45:28', '123kkk', 527, 5),
	(41, '2022-10-18 17:18:19', '2022-10-18 17:18:24', 'ghggh!!!!!!!', 531, 5);
/*!40000 ALTER TABLE `comments` ENABLE KEYS */;

-- 테이블 board_final.files 구조 내보내기
CREATE TABLE IF NOT EXISTS `files` (
  `file_seq` int(11) NOT NULL AUTO_INCREMENT,
  `date_created` datetime NOT NULL,
  `origin_name` varchar(200) NOT NULL,
  `system_name` varchar(200) NOT NULL,
  `extension` varchar(10) NOT NULL,
  `board_seq` int(11) NOT NULL,
  PRIMARY KEY (`file_seq`),
  KEY `FK_files_board_seq` (`board_seq`),
  CONSTRAINT `FK_files_board_seq` FOREIGN KEY (`board_seq`) REFERENCES `boards` (`board_seq`) ON DELETE CASCADE ON UPDATE CASCADE
) ENGINE=InnoDB AUTO_INCREMENT=32 DEFAULT CHARSET=utf8mb3;

-- 테이블 데이터 board_final.files:~13 rows (대략적) 내보내기
/*!40000 ALTER TABLE `files` DISABLE KEYS */;
INSERT INTO `files` (`file_seq`, `date_created`, `origin_name`, `system_name`, `extension`, `board_seq`) VALUES
	(5, '2022-08-11 18:43:17', '2주차 메모.txt', '27eb7b94-a177-471b-8667-16337fb209d0.txt', 'txt', 134),
	(7, '2022-08-11 18:43:17', '6주차 메모.txt', 'a41d0636-aa80-49c3-9e32-fa5baa6c86c4.txt', 'txt', 134),
	(9, '2022-08-11 19:05:09', '스터디 메모.txt', '37c978e5-d492-425f-9b0c-f2c1904d13a2.txt', 'txt', 286),
	(19, '2022-08-22 18:34:27', 'DB 정리.rtf', '60710b40-4fdc-49bc-be31-6bdab1d8e045.rtf', 'rtf', 498),
	(20, '2022-08-22 18:34:46', '2022학년도 1학기 대면수업 참여불가 인정 신청서.hwp', '7289dd76-607c-4120-a175-6ab430b27a4c.hwp', 'hwp', 498),
	(21, '2022-08-27 03:53:20', '2022학년도 1학기 대면수업 참여불가 인정 신청서.hwp', '5a3f91cc-4b91-4f40-bdc6-a710d596e61d.hwp', 'hwp', 500),
	(22, '2022-08-27 03:53:20', '자소서 거리들.rtf', '257103ad-a721-4849-879a-3a7cf273c471.rtf', 'rtf', 500),
	(24, '2022-09-07 23:12:56', '3분할노트 가로.pdf', 'e148f95d-35cd-43df-af48-b25ea5c9a235.pdf', 'pdf', 514),
	(25, '2022-09-18 18:18:07', '2017603003_강민구_선형회귀 모델.png', '912102a7-bc44-4e1e-ac1c-c34d95e53a38.png', 'png', 513),
	(26, '2022-09-21 15:40:54', 'board.sql', '52261fcb-d65c-43b7-8666-ad7ce7e0e124.sql', 'sql', 515),
	(27, '2022-09-21 15:41:40', 'board.sql', 'e9060720-6c95-415a-b8ef-a5b51651f130.sql', 'sql', 516),
	(30, '2022-10-18 17:18:06', 'board.sql', 'ca89acb7-4b22-4d2c-9239-7beef56cef79.sql', 'sql', 531),
	(31, '2022-10-18 17:29:29', 'code.docx', '053a0125-77c6-4f72-a049-f6a92ab0c35f.docx', 'docx', 530);
/*!40000 ALTER TABLE `files` ENABLE KEYS */;

-- 프로시저 board_final.free data 구조 내보내기
DELIMITER //
CREATE PROCEDURE `free data`()
BEGIN

DECLARE i INT DEFAULT 91;
     
	WHILE i <= 120 DO
		INSERT INTO boards(user_seq, board_type, title, content, date_created , category_seq)
		VALUES(6, 'FREE', CONCAT('free',i), concat('free',i), NOW(), 5);
		SET i = i + 1;
	END WHILE;

END//
DELIMITER ;

-- 프로시저 board_final.member data 구조 내보내기
DELIMITER //
CREATE PROCEDURE `member data`()
BEGIN

DECLARE i INT DEFAULT 91;
     
	WHILE i <= 120 DO
		INSERT INTO boards(user_seq, board_type, title, content, date_created , category_seq)
		VALUES(3, 'MEMBER', CONCAT('member',i), concat('member',i), NOW(), 5);
		SET i = i + 1;
	END WHILE;

END//
DELIMITER ;

-- 프로시저 board_final.news data 구조 내보내기
DELIMITER //
CREATE PROCEDURE `news data`()
BEGIN

DECLARE i INT DEFAULT 3;
     
	WHILE i <= 120 DO
		INSERT INTO boards(user_seq, board_type, title, content, date_created , category_seq)
		VALUES(5, 'NEWS', CONCAT('news',i), concat('news',i), NOW(), 1);
		SET i = i + 1;
	END WHILE;

END//
DELIMITER ;

-- 프로시저 board_final.notify data 구조 내보내기
DELIMITER //
CREATE PROCEDURE `notify data`()
BEGIN

DECLARE i INT DEFAULT 3;
     
	WHILE i <= 120 DO
		INSERT INTO boards(user_seq, board_type, title, content, date_created , category_seq)
		VALUES(5, 'NOTIFY', CONCAT('notify',i), concat('notify',i), NOW(), 1);
		SET i = i + 1;
	END WHILE;

END//
DELIMITER ;

-- 테이블 board_final.users 구조 내보내기
CREATE TABLE IF NOT EXISTS `users` (
  `user_seq` int(11) NOT NULL AUTO_INCREMENT,
  `date_created` datetime NOT NULL,
  `date_updated` datetime DEFAULT NULL,
  `name` varchar(10) NOT NULL,
  `id` varchar(20) NOT NULL,
  `email` varchar(50) NOT NULL,
  `password` varchar(100) NOT NULL,
  `role` varchar(15) NOT NULL,
  `status` varchar(15) NOT NULL,
  PRIMARY KEY (`user_seq`)
) ENGINE=InnoDB AUTO_INCREMENT=21 DEFAULT CHARSET=utf8mb3;

-- 테이블 데이터 board_final.users:~13 rows (대략적) 내보내기
/*!40000 ALTER TABLE `users` DISABLE KEYS */;
INSERT INTO `users` (`user_seq`, `date_created`, `date_updated`, `name`, `id`, `email`, `password`, `role`, `status`) VALUES
	(2, '2022-08-04 01:50:50', NULL, 'kim', 'kim123', 'kim@naver.com', '74b71cb16183b2b88157ec5912c7c0fcd2fc56953b804d60f5b0ff56840e7a47', 'ROLE_MEMBER', 'ALLOWED'),
	(3, '2022-08-04 01:54:07', NULL, 'lee', 'lee123', 'lee@naver.com', '74b71cb16183b2b88157ec5912c7c0fcd2fc56953b804d60f5b0ff56840e7a47', 'ROLE_MEMBER', 'ALLOWED'),
	(5, '2022-08-06 03:18:12', NULL, 'kang', 'kang1234', 'kang@naver.com', '74b71cb16183b2b88157ec5912c7c0fcd2fc56953b804d60f5b0ff56840e7a47', 'ROLE_ADMIN', 'ALLOWED'),
	(6, '2022-08-09 01:22:24', NULL, 'james', 'james123', 'james@naver.com', '74b71cb16183b2b88157ec5912c7c0fcd2fc56953b804d60f5b0ff56840e7a47', 'ROLE_MEMBER', 'ALLOWED'),
	(7, '2022-08-09 01:34:27', '2022-08-22 18:33:22', 'cookie', 'cookie123', 'cookie123@naver.com', '74b71cb16183b2b88157ec5912c7c0fcd2fc56953b804d60f5b0ff56840e7a47', 'ROLE_MEMBER', 'ALLOWED'),
	(8, '2022-08-09 17:54:18', NULL, '강민구', 'kmg1414', 'alsrn7590@naver.com', '74b71cb16183b2b88157ec5912c7c0fcd2fc56953b804d60f5b0ff56840e7a47', 'ROLE_MEMBER', 'ALLOWED'),
	(10, '2022-08-15 22:26:00', NULL, '고양이맨', 'catman123', 'catman123@naver.com', '74b71cb16183b2b88157ec5912c7c0fcd2fc56953b804d60f5b0ff56840e7a47', 'ROLE_MEMBER', 'ALLOWED'),
	(12, '2022-08-17 16:40:51', NULL, '테스트', 'test123', 'test123@naver.com', '74b71cb16183b2b88157ec5912c7c0fcd2fc56953b804d60f5b0ff56840e7a47', 'ROLE_MEMBER', 'ALLOWED'),
	(13, '2022-08-17 16:46:31', NULL, '테스트', 'test1234', 'test1234@naver.com', '74b71cb16183b2b88157ec5912c7c0fcd2fc56953b804d60f5b0ff56840e7a47', 'ROLE_MEMBER', 'ALLOWED'),
	(14, '2022-08-22 18:18:53', NULL, 'coffee', 'coffee123', 'coffee123@naver.com', '74b71cb16183b2b88157ec5912c7c0fcd2fc56953b804d60f5b0ff56840e7a47', 'ROLE_MEMBER', 'ALLOWED'),
	(15, '2022-08-23 00:44:06', '2022-09-20 03:03:43', '민트', 'mint123', 'mint123@naver.com', '74b71cb16183b2b88157ec5912c7c0fcd2fc56953b804d60f5b0ff56840e7a47', 'ROLE_MEMBER', 'ALLOWED'),
	(16, '2022-08-23 23:33:05', NULL, 'spring', 'spring123', 'spring123@naver.com', '74b71cb16183b2b88157ec5912c7c0fcd2fc56953b804d60f5b0ff56840e7a47', 'ROLE_MEMBER', 'ALLOWED'),
	(18, '2022-08-25 02:29:45', NULL, '민트맨', 'mint1234', 'mint1234@naver.com', '74b71cb16183b2b88157ec5912c7c0fcd2fc56953b804d60f5b0ff56840e7a47', 'ROLE_MEMBER', 'ALLOWED'),
	(20, '2022-09-25 18:09:18', '2022-09-25 18:26:48', 'mint', 'mint12345', 'mint12345@naver.com', '74b71cb16183b2b88157ec5912c7c0fcd2fc56953b804d60f5b0ff56840e7a47', 'ROLE_MEMBER', 'ALLOWED');
/*!40000 ALTER TABLE `users` ENABLE KEYS */;

/*!40101 SET SQL_MODE=IFNULL(@OLD_SQL_MODE, '') */;
/*!40014 SET FOREIGN_KEY_CHECKS=IFNULL(@OLD_FOREIGN_KEY_CHECKS, 1) */;
/*!40101 SET CHARACTER_SET_CLIENT=@OLD_CHARACTER_SET_CLIENT */;
/*!40111 SET SQL_NOTES=IFNULL(@OLD_SQL_NOTES, 1) */;
